{
  "old_new": "new",
  "id": "WOMBAT_20260309_102356",
  "software_name": "WOMBAT",
  "software_version": "0.9.11",
  "search_engine": "XTandem",
  "search_engine_version": NaN,
  "ident_fdr_psm": 0.01,
  "ident_fdr_peptide": 0.01,
  "ident_fdr_protein": 0.01,
  "enable_match_between_runs": true,
  "precursor_mass_tolerance": "20 ppm",
  "fragment_mass_tolerance": "0.02 Da",
  "enzyme": "Trypsin",
  "allowed_miscleavages": 1,
  "min_peptide_length": 5,
  "max_peptide_length": 35,
  "is_temporary": false,
  "intermediate_hash": "40445c2b14085e0bc1cf32d2b5c0a683f797d0eb",
  "results": {
    "6": {
      "median_abs_epsilon_global": 0.19183955107718864,
      "median_abs_epsilon_eq_species": 0.21555980055530133,
      "median_abs_epsilon_ECOLI": 0.2604645145194242,
      "median_abs_epsilon_HUMAN": 0.18805962831891077,
      "median_abs_epsilon_YEAST": 0.19815525882756901,
      "mean_abs_epsilon_global": 0.27266835282062146,
      "mean_abs_epsilon_eq_species": 0.31415339137508663,
      "mean_abs_epsilon_ECOLI": 0.3961217693590676,
      "mean_abs_epsilon_HUMAN": 0.26488889292518736,
      "mean_abs_epsilon_YEAST": 0.281449511841005,
      "median_log2_empirical_ECOLI": -1.8835276005905779,
      "median_log2_empirical_HUMAN": -0.13329581716816208,
      "median_log2_empirical_YEAST": 0.8666693892887647,
      "median_abs_epsilon_precision_global": 0.16691914704372832,
      "median_abs_epsilon_precision_eq_species": 0.19726396395730847,
      "median_abs_epsilon_precision_ECOLI": 0.251143073727514,
      "median_abs_epsilon_precision_HUMAN": 0.1616295276293816,
      "median_abs_epsilon_precision_YEAST": 0.17901929051502985,
      "mean_log2_empirical_ECOLI": -1.8149670256329216,
      "mean_log2_empirical_HUMAN": -0.15985477201720324,
      "mean_log2_empirical_YEAST": 0.8328370901917634,
      "mean_abs_epsilon_precision_global": 0.24459262045664665,
      "mean_abs_epsilon_precision_eq_species": 0.29208505262589957,
      "mean_abs_epsilon_precision_ECOLI": 0.3857462264872292,
      "mean_abs_epsilon_precision_HUMAN": 0.2356262346726794,
      "mean_abs_epsilon_precision_YEAST": 0.25488269671779007,
      "CV_median": 0.157691308320083,
      "CV_q75": 0.23936409024013294,
      "CV_q90": 0.376770995929151,
      "CV_q95": 0.5200939570475022,
      "roc_auc": 0.9276829224915151,
      "roc_auc_directional": 0.9723711743883097,
      "nr_prec": 28508,
      "nr_prec_HUMAN": 21452,
      "nr_prec_YEAST": 6141,
      "nr_prec_ECOLI": 915,
      "variance_epsilon_global": 0.13677992526541655
    },
    "5": {
      "median_abs_epsilon_global": 0.1988592785393685,
      "median_abs_epsilon_eq_species": 0.22503659829236344,
      "median_abs_epsilon_ECOLI": 0.2756692559928524,
      "median_abs_epsilon_HUMAN": 0.19324213540166468,
      "median_abs_epsilon_YEAST": 0.20619840348257323,
      "mean_abs_epsilon_global": 0.2847943643109241,
      "mean_abs_epsilon_eq_species": 0.33170581606970795,
      "mean_abs_epsilon_ECOLI": 0.42455535871958694,
      "mean_abs_epsilon_HUMAN": 0.2747223212648993,
      "mean_abs_epsilon_YEAST": 0.2958397682246376,
      "median_log2_empirical_ECOLI": -1.8771408629145678,
      "median_log2_empirical_HUMAN": -0.13449056560760242,
      "median_log2_empirical_YEAST": 0.8590986315861661,
      "median_abs_epsilon_precision_global": 0.17293515276203786,
      "median_abs_epsilon_precision_eq_species": 0.20660283629450657,
      "median_abs_epsilon_precision_ECOLI": 0.2660872833358354,
      "median_abs_epsilon_precision_HUMAN": 0.16613371936766475,
      "median_abs_epsilon_precision_YEAST": 0.18758750618001951,
      "mean_log2_empirical_ECOLI": -1.792485970292205,
      "mean_log2_empirical_HUMAN": -0.16151363732172275,
      "mean_log2_empirical_YEAST": 0.8255714334658739,
      "mean_abs_epsilon_precision_global": 0.25672576227622174,
      "mean_abs_epsilon_precision_eq_species": 0.3091824010970337,
      "mean_abs_epsilon_precision_ECOLI": 0.41390016054673273,
      "mean_abs_epsilon_precision_HUMAN": 0.24578006128926475,
      "mean_abs_epsilon_precision_YEAST": 0.2678669814551036,
      "CV_median": 0.15936051625832298,
      "CV_q75": 0.24549117527592046,
      "CV_q90": 0.39497303847872645,
      "CV_q95": 0.5468420497659792,
      "roc_auc": 0.9182759409799952,
      "roc_auc_directional": 0.9676743410835215,
      "nr_prec": 30930,
      "nr_prec_HUMAN": 22974,
      "nr_prec_YEAST": 6841,
      "nr_prec_ECOLI": 1115,
      "variance_epsilon_global": 0.15343867492962657
    },
    "4": {
      "median_abs_epsilon_global": 0.20378419213905818,
      "median_abs_epsilon_eq_species": 0.2342699610766781,
      "median_abs_epsilon_ECOLI": 0.29328363979569483,
      "median_abs_epsilon_HUMAN": 0.19670980500132662,
      "median_abs_epsilon_YEAST": 0.2128164384330129,
      "mean_abs_epsilon_global": 0.2954375771129555,
      "mean_abs_epsilon_eq_species": 0.3523701829528431,
      "mean_abs_epsilon_ECOLI": 0.46585206413785263,
      "mean_abs_epsilon_HUMAN": 0.2820836813264539,
      "mean_abs_epsilon_YEAST": 0.3091748033942228,
      "median_log2_empirical_ECOLI": -1.8609085639554195,
      "median_log2_empirical_HUMAN": -0.13492300792672385,
      "median_log2_empirical_YEAST": 0.8558074318542228,
      "median_abs_epsilon_precision_global": 0.1766020224607484,
      "median_abs_epsilon_precision_eq_species": 0.21744721409417145,
      "median_abs_epsilon_precision_ECOLI": 0.2911196452070528,
      "median_abs_epsilon_precision_HUMAN": 0.16858586350021776,
      "median_abs_epsilon_precision_YEAST": 0.19263613357524378,
      "mean_log2_empirical_ECOLI": -1.757471823161359,
      "mean_log2_empirical_HUMAN": -0.16198574898263454,
      "mean_log2_empirical_YEAST": 0.8169651976901738,
      "mean_abs_epsilon_precision_global": 0.2673430740403565,
      "mean_abs_epsilon_precision_eq_species": 0.32931411947959444,
      "mean_abs_epsilon_precision_ECOLI": 0.4543624562236272,
      "mean_abs_epsilon_precision_HUMAN": 0.25335736983466517,
      "mean_abs_epsilon_precision_YEAST": 0.2802225323804909,
      "CV_median": 0.16009444414320234,
      "CV_q75": 0.2481541380372871,
      "CV_q90": 0.40283793669848045,
      "CV_q95": 0.5580373555057685,
      "roc_auc": 0.9109476100446364,
      "roc_auc_directional": 0.961159879722001,
      "nr_prec": 32251,
      "nr_prec_HUMAN": 23739,
      "nr_prec_YEAST": 7235,
      "nr_prec_ECOLI": 1277,
      "variance_epsilon_global": 0.17032386893937254
    },
    "3": {
      "median_abs_epsilon_global": 0.20579853154100636,
      "median_abs_epsilon_eq_species": 0.23749746575864158,
      "median_abs_epsilon_ECOLI": 0.2989708006182352,
      "median_abs_epsilon_HUMAN": 0.19864510903810717,
      "median_abs_epsilon_YEAST": 0.21487648761958228,
      "mean_abs_epsilon_global": 0.3006653289960412,
      "mean_abs_epsilon_eq_species": 0.359103573732596,
      "mean_abs_epsilon_ECOLI": 0.4750625458450711,
      "mean_abs_epsilon_HUMAN": 0.28672126462137926,
      "mean_abs_epsilon_YEAST": 0.3155269107313375,
      "median_log2_empirical_ECOLI": -1.8584812502859633,
      "median_log2_empirical_HUMAN": -0.13501555864965042,
      "median_log2_empirical_YEAST": 0.8533348738531945,
      "median_abs_epsilon_precision_global": 0.1787315463828026,
      "median_abs_epsilon_precision_eq_species": 0.2197667423168216,
      "median_abs_epsilon_precision_ECOLI": 0.2940590718553804,
      "median_abs_epsilon_precision_HUMAN": 0.17038182046940314,
      "median_abs_epsilon_precision_YEAST": 0.19485933462568128,
      "mean_log2_empirical_ECOLI": -1.7497817368413442,
      "mean_log2_empirical_HUMAN": -0.16203336585448516,
      "mean_log2_empirical_YEAST": 0.8127808888987252,
      "mean_abs_epsilon_precision_global": 0.272641488389049,
      "mean_abs_epsilon_precision_eq_species": 0.33599620309274175,
      "mean_abs_epsilon_precision_ECOLI": 0.46342442966464154,
      "mean_abs_epsilon_precision_HUMAN": 0.25814593957069965,
      "mean_abs_epsilon_precision_YEAST": 0.2864182400428841,