{
  "old_new": "new",
  "id": "WOMBAT_20250522_072401",
  "software_name": "WOMBAT",
  "software_version": "0.9.11",
  "search_engine": "andromeda",
  "search_engine_version": "",
  "ident_fdr_psm": "0.01",
  "ident_fdr_peptide": "0.01",
  "ident_fdr_protein": "0.01",
  "enable_match_between_runs": true,
  "precursor_mass_tolerance": "20 ppm",
  "fragment_mass_tolerance": "0.02 Da",
  "enzyme": "Trypsin",
  "allowed_miscleavages": "1",
  "min_peptide_length": "5",
  "max_peptide_length": "35",
  "is_temporary": false,
  "intermediate_hash": "51b4f2e819bb336103f338baf2b941e25ff71c96",
  "results": {
    "6": {
      "median_abs_epsilon": 0.16912654135841976,
      "mean_abs_epsilon": 0.24853100327044245,
      "variance_epsilon": 0.1294389147988394,
      "nr_prec": 22386,
      "CV_median": 0.15243974551074274,
      "CV_q90": 0.3548051352946781,
      "CV_q75": 0.22770141177512382,
      "CV_q95": 0.4856192503593214
    },
    "5": {
      "median_abs_epsilon": 0.1822439442387509,
      "mean_abs_epsilon": 0.2740339214828895,
      "variance_epsilon": 0.16350537795255948,
      "nr_prec": 28212,
      "CV_median": 0.15520198367923382,
      "CV_q90": 0.3803166998411964,
      "CV_q75": 0.23819178334750168,
      "CV_q95": 0.5275610853014379
    },
    "4": {
      "median_abs_epsilon": 0.19593814506673368,
      "mean_abs_epsilon": 0.30133304795427407,
      "variance_epsilon": 0.2112680194992821,
      "nr_prec": 32707,
      "CV_median": 0.15714091732651303,
      "CV_q90": 0.39426720214674815,
      "CV_q75": 0.24434832916072233,
      "CV_q95": 0.5484460089335998
    },
    "3": {
      "median_abs_epsilon": 0.20477246505273072,
      "mean_abs_epsilon": 0.3191668306682981,
      "variance_epsilon": 0.2425182618846894,
      "nr_prec": 36686,
      "CV_median": 0.15801630398086158,
      "CV_q90": 0.4032506533190848,
      "CV_q75": 0.2475065526496813,
      "CV_q95": 0.5599787762751551
    },
    "2": {
      "median_abs_epsilon": 0.20885523719538845,
      "mean_abs_epsilon": 0.3290105244012136,
      "variance_epsilon": 0.2636992189162992,
      "nr_prec": 39689,
      "CV_median": 0.15813699606576792,
      "CV_q90": 0.4062949527948485,
      "CV_q75": 0.24854496914806792,
      "CV_q95": 0.5631492602962908
    },
    "1": {
      "median_abs_epsilon": 0.20885523719538845,
      "mean_abs_epsilon": 0.32901052440121364,
      "variance_epsilon": 0.2636992189162992,
      "nr_prec": 41662,
      "CV_median": 0.15813699606576792,
      "CV_q90": 0.4062949527948485,
      "CV_q75": 0.24854496914806792,
      "CV_q95": 0.5631492602962908
    }
  },
  "median_abs_epsilon": 0.20477246505273072,
  "mean_abs_epsilon": 0.3191668306682981,
  "nr_prec": 36686,
  "comments": "",
  "proteobench_version": "0.8.11",
  "color": "#d30067",
  "hover_text": "ProteoBench ID: WOMBAT_20250522_072401<br>Software tool: WOMBAT <br>Comment (private submission): ...",
  "scatter_size": 40,
  "fixed_mods": "Carbamidomethyl of C",
  "variable_mods": "Acetyl of Protein N-term,Oxidation of M",
  "max_mods": "4",
  "min_precursor_charge": "2",
  "max_precursor_charge": "4",
  "quantification_method": "nan",
  "protein_inference": "nan",
  "abundance_normalization_ions": "median",
  "submission_comments": "Running workflow \"MaxQuant\" in WOMBAT-P\n\n ### Parameter changes detected:\n- **search_engine**: `various` \u2192 `andromeda`\n- **search_engine_version**: `nan` \u2192 ``\n\nDataset URL: https://proteobench.cubimed.rub.de/datasets/51b4f2e819bb336103f338baf2b941e25ff71c96/"
}