{
  "old_new": "new",
  "id": "WOMBAT_20250522_073658",
  "software_name": "WOMBAT",
  "software_version": "0.9.11",
  "search_engine": "XTandem",
  "search_engine_version": "nan",
  "ident_fdr_psm": "0.01",
  "ident_fdr_peptide": "0.01",
  "ident_fdr_protein": "0.01",
  "enable_match_between_runs": true,
  "precursor_mass_tolerance": "20 ppm",
  "fragment_mass_tolerance": "0.02 Da",
  "enzyme": "Trypsin",
  "allowed_miscleavages": "1",
  "min_peptide_length": "5",
  "max_peptide_length": "35",
  "is_temporary": false,
  "intermediate_hash": "557e8c644fe2db8651514555bcb18b2afce5944f",
  "results": {
    "6": {
      "median_abs_epsilon": 0.19183955107718864,
      "mean_abs_epsilon": 0.2727366267112368,
      "variance_epsilon": 0.13678509787870632,
      "nr_prec": 28616,
      "CV_median": 0.15771378281471501,
      "CV_q90": 0.37682610059142796,
      "CV_q75": 0.2394513118869259,
      "CV_q95": 0.5200345990403066
    },
    "5": {
      "median_abs_epsilon": 0.19882441687251318,
      "mean_abs_epsilon": 0.2848197702984546,
      "variance_epsilon": 0.1533775973166653,
      "nr_prec": 31042,
      "CV_median": 0.15938938138482023,
      "CV_q90": 0.39498547203476114,
      "CV_q75": 0.24561478424242605,
      "CV_q95": 0.5468386451485879
    },
    "4": {
      "median_abs_epsilon": 0.2037843700795685,
      "mean_abs_epsilon": 0.2954326941367251,
      "variance_epsilon": 0.17020456440619613,
      "nr_prec": 32368,
      "CV_median": 0.160111361003125,
      "CV_q90": 0.4027520430382474,
      "CV_q75": 0.24824257655182386,
      "CV_q95": 0.5580302846276
    },
    "3": {
      "median_abs_epsilon": 0.20583351885293924,
      "mean_abs_epsilon": 0.30066208763475255,
      "variance_epsilon": 0.17889529128864434,
      "nr_prec": 33351,
      "CV_median": 0.16053996985778285,
      "CV_q90": 0.4068388271714895,
      "CV_q75": 0.24950810294504913,
      "CV_q95": 0.5648196347358505
    },
    "2": {
      "median_abs_epsilon": 0.20712612140504613,
      "mean_abs_epsilon": 0.3036440188397854,
      "variance_epsilon": 0.1848246946777084,
      "nr_prec": 33895,
      "CV_median": 0.16061698076082226,
      "CV_q90": 0.4088152187513296,
      "CV_q75": 0.24989766922767487,
      "CV_q95": 0.5676599594730449
    },
    "1": {
      "median_abs_epsilon": 0.20712612140504613,
      "mean_abs_epsilon": 0.3036440188397854,
      "variance_epsilon": 0.1848246946777084,
      "nr_prec": 33895,
      "CV_median": 0.16061698076082226,
      "CV_q90": 0.4088152187513296,
      "CV_q75": 0.24989766922767487,
      "CV_q95": 0.5676599594730449
    }
  },
  "median_abs_epsilon": 0.20583351885293924,
  "mean_abs_epsilon": 0.30066208763475255,
  "nr_prec": 33351,
  "comments": "",
  "proteobench_version": "0.8.11",
  "color": "#d30067",
  "hover_text": "ProteoBench ID: WOMBAT_20250522_073658<br>Software tool: WOMBAT <br>Comment (private submission): ...",
  "scatter_size": 40,
  "fixed_mods": "Carbamidomethyl of C",
  "variable_mods": "Acetyl of Protein N-term,Oxidation of M",
  "max_mods": "4",
  "min_precursor_charge": "2",
  "max_precursor_charge": "4",
  "quantification_method": "nan",
  "protein_inference": "nan",
  "abundance_normalization_ions": "median",
  "submission_comments": "Running workflow \"Compomics\" of WOMBAT-P\n\n ### Parameter changes detected:\n- **search_engine**: `various` \u2192 `XTandem`\n\nDataset URL: https://proteobench.cubimed.rub.de/datasets/557e8c644fe2db8651514555bcb18b2afce5944f/"
}