{
  "old_new": "new",
  "id": "WOMBAT_20260309_102246",
  "software_name": "WOMBAT",
  "software_version": "0.9.11",
  "search_engine": "andromeda",
  "search_engine_version": "",
  "ident_fdr_psm": 0.01,
  "ident_fdr_peptide": 0.01,
  "ident_fdr_protein": 0.01,
  "enable_match_between_runs": true,
  "precursor_mass_tolerance": "20 ppm",
  "fragment_mass_tolerance": "0.02 Da",
  "enzyme": "Trypsin",
  "allowed_miscleavages": 1,
  "min_peptide_length": 5,
  "max_peptide_length": 35,
  "is_temporary": false,
  "intermediate_hash": "dbc09e3fb182e17762ed49268a25086ebc982990",
  "results": {
    "6": {
      "median_abs_epsilon_global": 0.16906791571983604,
      "median_abs_epsilon_eq_species": 0.17221367616652294,
      "median_abs_epsilon_ECOLI": 0.18983883554096792,
      "median_abs_epsilon_HUMAN": 0.17232187000163357,
      "median_abs_epsilon_YEAST": 0.15448032295696734,
      "mean_abs_epsilon_global": 0.24813999170612483,
      "mean_abs_epsilon_eq_species": 0.2740667590146914,
      "mean_abs_epsilon_ECOLI": 0.3335212357002609,
      "mean_abs_epsilon_HUMAN": 0.2477373341170676,
      "mean_abs_epsilon_YEAST": 0.24094170722674563,
      "median_log2_empirical_ECOLI": -2.0542683007590625,
      "median_log2_empirical_HUMAN": -0.1156505633278666,
      "median_log2_empirical_YEAST": 0.9437643771910498,
      "median_abs_epsilon_precision_global": 0.1513947882289539,
      "median_abs_epsilon_precision_eq_species": 0.16165171577720905,
      "median_abs_epsilon_precision_ECOLI": 0.18124880353402872,
      "median_abs_epsilon_precision_HUMAN": 0.15042525870206447,
      "median_abs_epsilon_precision_YEAST": 0.15328108509553395,
      "mean_log2_empirical_ECOLI": -1.9825498820614447,
      "mean_log2_empirical_HUMAN": -0.13231947674626454,
      "mean_log2_empirical_YEAST": 0.9236164077034795,
      "mean_abs_epsilon_precision_global": 0.2267901896241099,
      "mean_abs_epsilon_precision_eq_species": 0.26467473342425496,
      "mean_abs_epsilon_precision_ECOLI": 0.3363303816731632,
      "mean_abs_epsilon_precision_HUMAN": 0.22184321932905934,
      "mean_abs_epsilon_precision_YEAST": 0.2358505992705423,
      "CV_median": 0.15249377947005865,
      "CV_q75": 0.22767771301427203,
      "CV_q90": 0.35425542206343885,
      "CV_q95": 0.4853751715697272,
      "roc_auc": 0.9518348590106792,
      "roc_auc_directional": 0.9769656179072522,
      "nr_prec": 22137,
      "nr_prec_HUMAN": 17468,
      "nr_prec_YEAST": 4230,
      "nr_prec_ECOLI": 439,
      "variance_epsilon_global": 0.1286761111337827
    },
    "5": {
      "median_abs_epsilon_global": 0.18225686263966168,
      "median_abs_epsilon_eq_species": 0.19455509863923423,
      "median_abs_epsilon_ECOLI": 0.22454955506107055,
      "median_abs_epsilon_HUMAN": 0.1829049410520014,
      "median_abs_epsilon_YEAST": 0.17621079980463072,
      "mean_abs_epsilon_global": 0.2738080607159021,
      "mean_abs_epsilon_eq_species": 0.3147869173838435,
      "mean_abs_epsilon_ECOLI": 0.3978444067153262,
      "mean_abs_epsilon_HUMAN": 0.269125965775456,
      "mean_abs_epsilon_YEAST": 0.2773903796607482,
      "median_log2_empirical_ECOLI": -2.0129304148888707,
      "median_log2_empirical_HUMAN": -0.11613291593346631,
      "median_log2_empirical_YEAST": 0.9223406736254649,
      "median_abs_epsilon_precision_global": 0.16482115454225976,
      "median_abs_epsilon_precision_eq_species": 0.18502752316260107,
      "median_abs_epsilon_precision_ECOLI": 0.22083412140205994,
      "median_abs_epsilon_precision_HUMAN": 0.16179761328164766,
      "median_abs_epsilon_precision_YEAST": 0.17245083480409562,
      "mean_log2_empirical_ECOLI": -1.9596371781455628,
      "mean_log2_empirical_HUMAN": -0.1355484921625071,
      "mean_log2_empirical_YEAST": 0.9008005367572659,
      "mean_abs_epsilon_precision_global": 0.2533514123017659,
      "mean_abs_epsilon_precision_eq_species": 0.30503292905821305,
      "mean_abs_epsilon_precision_ECOLI": 0.40139168772371553,
      "mean_abs_epsilon_precision_HUMAN": 0.2449003034821421,
      "mean_abs_epsilon_precision_YEAST": 0.26880679596878154,
      "CV_median": 0.1553380778444943,
      "CV_q75": 0.23820198158047157,
      "CV_q90": 0.38025755066811007,
      "CV_q95": 0.5274931514062311,
      "roc_auc": 0.9316525663680951,
      "roc_auc_directional": 0.970023672668948,
      "nr_prec": 27931,
      "nr_prec_HUMAN": 21712,
      "nr_prec_YEAST": 5560,
      "nr_prec_ECOLI": 659,
      "variance_epsilon_global": 0.16311413725203883
    },
    "4": {
      "median_abs_epsilon_global": 0.19598815128093605,
      "median_abs_epsilon_eq_species": 0.22035618719009342,
      "median_abs_epsilon_ECOLI": 0.2701254772550499,
      "median_abs_epsilon_HUMAN": 0.1932447318722783,
      "median_abs_epsilon_YEAST": 0.19769835244295209,
      "mean_abs_epsilon_global": 0.3012514611693185,
      "mean_abs_epsilon_eq_species": 0.35810788088849216,
      "mean_abs_epsilon_ECOLI": 0.4649128270466291,
      "mean_abs_epsilon_HUMAN": 0.2906565139568614,
      "mean_abs_epsilon_YEAST": 0.31875430166198593,
      "median_log2_empirical_ECOLI": -1.971590894152488,
      "median_log2_empirical_HUMAN": -0.11735901118113112,
      "median_log2_empirical_YEAST": 0.9073543890660059,
      "median_abs_epsilon_precision_global": 0.17671539288376614,
      "median_abs_epsilon_precision_eq_species": 0.2135667001604228,
      "median_abs_epsilon_precision_ECOLI": 0.2769242534575156,
      "median_abs_epsilon_precision_HUMAN": 0.17074218431612564,
      "median_abs_epsilon_precision_YEAST": 0.19303366270762723,
      "mean_log2_empirical_ECOLI": -1.9169501733520757,
      "mean_log2_empirical_HUMAN": -0.13812746149816155,
      "mean_log2_empirical_YEAST": 0.8836235209708353,
      "mean_abs_epsilon_precision_global": 0.28101466640108447,
      "mean_abs_epsilon_precision_eq_species": 0.34740976117078115,
      "mean_abs_epsilon_precision_ECOLI": 0.4675095896032968,
      "mean_abs_epsilon_precision_HUMAN": 0.2671730429363076,
      "mean_abs_epsilon_precision_YEAST": 0.3075466509727391,
      "CV_median": 0.1572071852956419,
      "CV_q75": 0.24435515490588838,
      "CV_q90": 0.3942359231189289,
      "CV_q95": 0.5479616066064945,
      "roc_auc": 0.913329265828286,
      "roc_auc_directional": 0.962148912899287,
      "nr_prec": 32409,
      "nr_prec_HUMAN": 24844,
      "nr_prec_YEAST": 6670,
      "nr_prec_ECOLI": 895,
      "variance_epsilon_global": 0.21119368751353648
    },
    "3": {
      "median_abs_epsilon_global": 0.20494790264708307,
      "median_abs_epsilon_eq_species": 0.23018732326247182,
      "median_abs_epsilon_ECOLI": 0.2810280075965039,
      "median_abs_epsilon_HUMAN": 0.20204789598214568,
      "median_abs_epsilon_YEAST": 0.20748606620876586,
      "mean_abs_epsilon_global": 0.3189797967481577,
      "mean_abs_epsilon_eq_species": 0.37747171162361565,
      "mean_abs_epsilon_ECOLI": 0.48743344770412705,
      "mean_abs_epsilon_HUMAN": 0.30825710038270254,
      "mean_abs_epsilon_YEAST": 0.33672458678401734,
      "median_log2_empirical_ECOLI": -1.9641112207032343,
      "median_log2_empirical_HUMAN": -0.11797565941908417,
      "median_log2_empirical_YEAST": 0.901472233842096,
      "median_abs_epsilon_precision_global": 0.18374261724301455,
      "median_abs_epsilon_precision_eq_species": 0.2228410810374708,
      "median_abs_epsilon_precision_ECOLI": 0.2894271454046162,
      "median_abs_epsilon_precision_HUMAN": 0.17792573183747074,
      "median_abs_epsilon_precision_YEAST": 0.20117036587032544,
      "mean_log2_empirical_ECOLI": -1.906040726846983,
      "mean_log2_empirical_HUMAN": -0.1380375959321003,
      "mean_log2_empirical_YEAST": 0.8744137731888593,
      "mean_abs_epsilon_precision_global": 0.2990295877673713,
      "mean_abs_epsilon_precision_eq_species": 0.3665543941181409,
      "mean_abs_epsilon_precision_ECOLI": 0.48966957575534265,
      "mean_abs_epsilon_precision_HUMAN": 0.2854403323541486,
      "mean_abs_epsilon_precision_YEAST": 0.32455327424493147,