{
  "old_new": "new",
  "id": "WOMBAT_20250522_072939",
  "software_name": "WOMBAT",
  "software_version": "0.9.11",
  "search_engine": "XTandem",
  "search_engine_version": NaN,
  "ident_fdr_psm": 0.01,
  "ident_fdr_peptide": 0.01,
  "ident_fdr_protein": 0.01,
  "enable_match_between_runs": true,
  "precursor_mass_tolerance": "20 ppm",
  "fragment_mass_tolerance": "0.02 Da",
  "enzyme": "Trypsin",
  "allowed_miscleavages": 1,
  "min_peptide_length": 5,
  "max_peptide_length": 35,
  "is_temporary": false,
  "intermediate_hash": "e6d810fca01f979b23a0a85d437ae45c81869f62",
  "results": {
    "6": {
      "median_abs_epsilon_global": 0.19261376224816829,
      "median_abs_epsilon_eq_species": 0.31627863388253213,
      "median_abs_epsilon_ECOLI": 0.55281328315953,
      "median_abs_epsilon_HUMAN": 0.18106113139926805,
      "median_abs_epsilon_YEAST": 0.21496148708879836,
      "mean_abs_epsilon_global": 0.3090606186373596,
      "mean_abs_epsilon_eq_species": 0.48600903924425704,
      "mean_abs_epsilon_ECOLI": 0.8442084682840201,
      "mean_abs_epsilon_HUMAN": 0.2747495801340739,
      "mean_abs_epsilon_YEAST": 0.33906906931467684,
      "median_log2_empirical_ECOLI": -1.474307995243766,
      "median_log2_empirical_HUMAN": 0.07260009469146844,
      "median_log2_empirical_YEAST": 1.0085299078010692,
      "median_abs_epsilon_precision_global": 0.18143262333020083,
      "median_abs_epsilon_precision_eq_species": 0.2722622435591955,
      "median_abs_epsilon_precision_ECOLI": 0.4373180219249022,
      "median_abs_epsilon_precision_HUMAN": 0.1672520663014172,
      "median_abs_epsilon_precision_YEAST": 0.21221664245126703,
      "mean_log2_empirical_ECOLI": -1.2239440849727161,
      "mean_log2_empirical_HUMAN": 0.06008262530717222,
      "mean_log2_empirical_YEAST": 0.9222053502706987,
      "mean_abs_epsilon_precision_global": 0.2987654203963085,
      "mean_abs_epsilon_precision_eq_species": 0.4270261159550727,
      "mean_abs_epsilon_precision_ECOLI": 0.6670071791942553,
      "mean_abs_epsilon_precision_HUMAN": 0.26658091277084184,
      "mean_abs_epsilon_precision_YEAST": 0.3474902559001209,
      "CV_median": 0.21988530282467034,
      "CV_q75": 0.3079978735392508,
      "CV_q90": 0.4721027482631991,
      "CV_q95": 0.638317173393725,
      "roc_auc": 0.9110248918884684,
      "roc_auc_directional": 0.9066681064226191,
      "nr_prec": 42625,
      "nr_prec_HUMAN": 31518,
      "nr_prec_YEAST": 9626,
      "nr_prec_ECOLI": 1481,
      "variance_epsilon_global": 0.24515157871103888
    },
    "5": {
      "median_abs_epsilon_global": 0.1998184236437659,
      "median_abs_epsilon_eq_species": 0.343177482275611,
      "median_abs_epsilon_ECOLI": 0.6186058719057481,
      "median_abs_epsilon_HUMAN": 0.1868331140079853,
      "median_abs_epsilon_YEAST": 0.22409346091309956,
      "mean_abs_epsilon_global": 0.3301791091606563,
      "mean_abs_epsilon_eq_species": 0.5152474796839001,
      "mean_abs_epsilon_ECOLI": 0.8935100882002767,
      "mean_abs_epsilon_HUMAN": 0.29181113433506667,
      "mean_abs_epsilon_YEAST": 0.360421216516357,
      "median_log2_empirical_ECOLI": -1.4263835880327669,
      "median_log2_empirical_HUMAN": 0.07222689370363433,
      "median_log2_empirical_YEAST": 0.9963566542160329,
      "median_abs_epsilon_precision_global": 0.19016379747290557,
      "median_abs_epsilon_precision_eq_species": 0.29023117943820037,
      "median_abs_epsilon_precision_ECOLI": 0.4719947237121662,
      "median_abs_epsilon_precision_HUMAN": 0.17360214160440002,
      "median_abs_epsilon_precision_YEAST": 0.22509667299803482,
      "mean_log2_empirical_ECOLI": -1.182115837498746,
      "mean_log2_empirical_HUMAN": 0.059639002101133314,
      "mean_log2_empirical_YEAST": 0.904975814889781,
      "mean_abs_epsilon_precision_global": 0.3189244175862972,
      "mean_abs_epsilon_precision_eq_species": 0.44861544613765386,
      "mean_abs_epsilon_precision_ECOLI": 0.6924758323867635,
      "mean_abs_epsilon_precision_HUMAN": 0.28399373608147255,
      "mean_abs_epsilon_precision_YEAST": 0.36937676994472546,
      "CV_median": 0.22198399978245204,
      "CV_q75": 0.3149544565533668,
      "CV_q90": 0.49700645527346154,
      "CV_q95": 0.6781932483453399,
      "roc_auc": 0.8985515934866448,
      "roc_auc_directional": 0.8940946330973725,
      "nr_prec": 45775,
      "nr_prec_HUMAN": 33572,
      "nr_prec_YEAST": 10479,
      "nr_prec_ECOLI": 1724,
      "variance_epsilon_global": 0.2829572008411021
    },
    "4": {
      "median_abs_epsilon_global": 0.20339955941796717,
      "median_abs_epsilon_eq_species": 0.3549020620000641,
      "median_abs_epsilon_ECOLI": 0.6452240424192297,
      "median_abs_epsilon_HUMAN": 0.18986075070949404,
      "median_abs_epsilon_YEAST": 0.22962139287146854,
      "mean_abs_epsilon_global": 0.344677369162755,
      "mean_abs_epsilon_eq_species": 0.5326054927388657,
      "mean_abs_epsilon_ECOLI": 0.9169745980487145,
      "mean_abs_epsilon_HUMAN": 0.30326063962696925,
      "mean_abs_epsilon_YEAST": 0.3775812405409134,
      "median_log2_empirical_ECOLI": -1.3963396463866005,
      "median_log2_empirical_HUMAN": 0.07157003344688384,
      "median_log2_empirical_YEAST": 0.9897695028920008,
      "median_abs_epsilon_precision_global": 0.1946112105084996,
      "median_abs_epsilon_precision_eq_species": 0.29887850619959916,
      "median_abs_epsilon_precision_ECOLI": 0.4880179607842301,
      "median_abs_epsilon_precision_HUMAN": 0.17626309447691568,
      "median_abs_epsilon_precision_YEAST": 0.23235446333765175,
      "mean_log2_empirical_ECOLI": -1.1628202396248217,
      "mean_log2_empirical_HUMAN": 0.0599321544632227,
      "mean_log2_empirical_YEAST": 0.8997570012540309,
      "mean_abs_epsilon_precision_global": 0.33277415642938163,
      "mean_abs_epsilon_precision_eq_species": 0.46290015128818035,
      "mean_abs_epsilon_precision_ECOLI": 0.7069435055637131,
      "mean_abs_epsilon_precision_HUMAN": 0.2956550360448609,
      "mean_abs_epsilon_precision_YEAST": 0.38610191225596713,
      "CV_median": 0.22296192182603206,
      "CV_q75": 0.31809943728801815,
      "CV_q90": 0.5065621239666944,
      "CV_q95": 0.6952635520736506,
      "roc_auc": 0.8911307925019805,
      "roc_auc_directional": 0.8871981840257332,
      "nr_prec": 47215,
      "nr_prec_HUMAN": 34468,
      "nr_prec_YEAST": 10878,
      "nr_prec_ECOLI": 1869,
      "variance_epsilon_global": 0.3177995504238058
    },
    "3": {
      "median_abs_epsilon_global": 0.204934721989396,
      "median_abs_epsilon_eq_species": 0.35818376442210464,
      "median_abs_epsilon_ECOLI": 0.6513243983351167,
      "median_abs_epsilon_HUMAN": 0.19121934985103195,
      "median_abs_epsilon_YEAST": 0.2320075450801653,
      "mean_abs_epsilon_global": 0.35114978562141097,
      "mean_abs_epsilon_eq_species": 0.5397152171550279,
      "mean_abs_epsilon_ECOLI": 0.9245658927964349,
      "mean_abs_epsilon_HUMAN": 0.30930854104670225,
      "mean_abs_epsilon_YEAST": 0.38527121762194666,
      "median_log2_empirical_ECOLI": -1.3963396463866005,
      "median_log2_empirical_HUMAN": 0.07136873291543466,
      "median_log2_empirical_YEAST": 0.9888155290737686,
      "median_abs_epsilon_precision_global": 0.1964552769002026,
      "median_abs_epsilon_precision_eq_species": 0.3007313795699981,
      "median_abs_epsilon_precision_ECOLI": 0.4898185972184983,
      "median_abs_epsilon_precision_HUMAN": 0.1775786617257964,
      "median_abs_epsilon_precision_YEAST": 0.23479687976569963,
      "mean_log2_empirical_ECOLI": -1.161798235966118,
      "mean_log2_empirical_HUMAN": 0.05916499553974425,
      "mean_log2_empirical_YEAST": 0.898498797501643,
      "mean_abs_epsilon_precision_global": 0.3393355533802401,
      "mean_abs_epsilon_precision_eq_species": 0.47017530305403005,
      "mean_abs_epsilon_precision_ECOLI": 0.7150082530783414,
      "mean_abs_epsilon_precision_HUMAN": 0.3018113759227087,
      "mean_abs_epsilon_precision_YEAST": 0.39370628016104,