{
  "old_new": "new",
  "id": "WOMBAT_20250522_072939",
  "software_name": "WOMBAT",
  "software_version": "0.9.11",
  "search_engine": "XTandem",
  "search_engine_version": "nan",
  "ident_fdr_psm": "0.01",
  "ident_fdr_peptide": "0.01",
  "ident_fdr_protein": "0.01",
  "enable_match_between_runs": true,
  "precursor_mass_tolerance": "20 ppm",
  "fragment_mass_tolerance": "0.02 Da",
  "enzyme": "Trypsin",
  "allowed_miscleavages": "1",
  "min_peptide_length": "5",
  "max_peptide_length": "35",
  "is_temporary": false,
  "intermediate_hash": "e6d810fca01f979b23a0a85d437ae45c81869f62",
  "results": {
    "6": {
      "median_abs_epsilon": 0.19256535765711824,
      "mean_abs_epsilon": 0.30896826013992995,
      "variance_epsilon": 0.24503522754352447,
      "nr_prec": 42990,
      "CV_median": 0.21984679365176535,
      "CV_q90": 0.47187353706245794,
      "CV_q75": 0.30800550535708454,
      "CV_q95": 0.6378782922582158
    },
    "5": {
      "median_abs_epsilon": 0.19969115191698528,
      "mean_abs_epsilon": 0.33001077657695577,
      "variance_epsilon": 0.28262760312692076,
      "nr_prec": 46152,
      "CV_median": 0.22190688045139056,
      "CV_q90": 0.4967608191875721,
      "CV_q75": 0.31496202606101276,
      "CV_q95": 0.6779243590657091
    },
    "4": {
      "median_abs_epsilon": 0.20330722524752076,
      "mean_abs_epsilon": 0.3444857641620545,
      "variance_epsilon": 0.3173136724799379,
      "nr_prec": 47604,
      "CV_median": 0.2229072999519512,
      "CV_q90": 0.5063122421638637,
      "CV_q75": 0.3181189915686807,
      "CV_q95": 0.6954203040178271
    },
    "3": {
      "median_abs_epsilon": 0.20480417366271553,
      "mean_abs_epsilon": 0.35090811339433947,
      "variance_epsilon": 0.3342464486926354,
      "nr_prec": 48436,
      "CV_median": 0.22313962198724285,
      "CV_q90": 0.5093436435212806,
      "CV_q75": 0.31890030351498444,
      "CV_q95": 0.7016421696427846
    },
    "2": {
      "median_abs_epsilon": 0.2052662497204487,
      "mean_abs_epsilon": 0.35427591066309216,
      "variance_epsilon": 0.3481626673984586,
      "nr_prec": 48799,
      "CV_median": 0.22316901988565144,
      "CV_q90": 0.5100590820708799,
      "CV_q75": 0.31910104189464894,
      "CV_q95": 0.7028576923619605
    },
    "1": {
      "median_abs_epsilon": 0.2052662497204487,
      "mean_abs_epsilon": 0.35427591066309216,
      "variance_epsilon": 0.3481626673984586,
      "nr_prec": 48911,
      "CV_median": 0.22316901988565144,
      "CV_q90": 0.5100590820708799,
      "CV_q75": 0.31910104189464894,
      "CV_q95": 0.7028576923619605
    }
  },
  "median_abs_epsilon": 0.20480417366271553,
  "mean_abs_epsilon": 0.35090811339433947,
  "nr_prec": 48436,
  "comments": "",
  "proteobench_version": "0.8.11",
  "color": "#d30067",
  "hover_text": "ProteoBench ID: WOMBAT_20250522_072939<br>Software tool: WOMBAT <br>Comment (private submission): ...",
  "scatter_size": 40,
  "fixed_mods": "Carbamidomethyl of C",
  "variable_mods": "Acetyl of Protein N-term,Oxidation of M",
  "max_mods": "4",
  "min_precursor_charge": "2",
  "max_precursor_charge": "4",
  "quantification_method": "nan",
  "protein_inference": "nan",
  "abundance_normalization_ions": "median",
  "submission_comments": "Running workflow \"Proline\" of WOMBAT-P\n\n ### Parameter changes detected:\n- **search_engine**: `various` \u2192 `XTandem`\n\nDataset URL: https://proteobench.cubimed.rub.de/datasets/e6d810fca01f979b23a0a85d437ae45c81869f62/"
}